"Transaction Hash","Blockno","UnixTimestamp","DateTime (UTC)","From","To","TokenValue","USDValueDayOfTx","ContractAddress","TokenName","TokenSymbol"
"0xd358284cd5242ed8f7772bf6d4dabf245393716f330ab2f7bcf1ff08743d7c88","177795424","1707165760","2024-02-05 20:42:40","0x0000000000000000000000000000000000000000","0x5ed61dee19b3355cf125a5cb95bec8f344523628","538","$2.74","0xe20b9e246db5a0d21bf9209e4858bc9a3ff7a034","Wrapped Banano","wBAN"
"0x08f8c47d765332112ad7365f2f0c03019457d0cd16a7516e2c43972caf6ab269","180725443","1707929337","2024-02-14 16:48:57","0x478a4523ca9ac05fa91a1bb5b38131b55f9647b6","0x5ed61dee19b3355cf125a5cb95bec8f344523628","31.4159265359","N/A","0xf42e2b8bc2af8b110b65be98db1321b1ab8d44f5","Donut","DONUT"
"0xcc4869e226b347ed2dd14bc15c46e49a8bb1247c9729ba557d51c083af27851b","192461306","1710969457","2024-03-20 21:17:37","0x0000000000000000000000000000000000000000","0x5ed61dee19b3355cf125a5cb95bec8f344523628","10,638.1","N/A","0xf28831db80a616dc33a5869f6f689f54add5b74c","ERC-20: Ethtrader Contribution on Arbitrum One","CONTRIB"
"0x601a11a35383f3ee13e0357b19aaf2384ee1758df7f96afdd2a1289f82ecbb98","192845415","1711066196","2024-03-22 00:09:56","0x439cee4cc4ecbd75dc08d9a17e92bddcc11cdb8c","0x5ed61dee19b3355cf125a5cb95bec8f344523628","1,607.2459","$31.92","0xf42e2b8bc2af8b110b65be98db1321b1ab8d44f5","Donut","DONUT"
"0x0c1a4b36ff0b1613f902f70d82a4234cce5453829a2d5cf4c32e3436b84634ba","192845488","1711066214","2024-03-22 00:10:14","0x0000000000000000000000000000000000000000","0x5ed61dee19b3355cf125a5cb95bec8f344523628","1,811","N/A","0xf28831db80a616dc33a5869f6f689f54add5b74c","ERC-20: Ethtrader Contribution on Arbitrum One","CONTRIB"
"0x3be0bbfcc9df348aaff5a840aa2f8cf4095acaf71ce422c3c2ea89ed2865bbc5","193084948","1711126167","2024-03-22 16:49:27","0x51871f5fb2e8a04a874f02262b5bef28c60ac6ee","0x5ed61dee19b3355cf125a5cb95bec8f344523628","18,485.978425451746139905","$367.13","0xf42e2b8bc2af8b110b65be98db1321b1ab8d44f5","Donut","DONUT"
"0xff7a5e5840b2c58457e6635c4eb8b6e6d96aed8352c0b5ce37828516c3fef466","193098426","1711129553","2024-03-22 17:45:53","0x5ed61dee19b3355cf125a5cb95bec8f344523628","0xbd80923830b1b122dce0c446b704621458329f1d","538","$4.91","0xe20b9e246db5a0d21bf9209e4858bc9a3ff7a034","Wrapped Banano","wBAN"
"0x1113cd9d518264c9b2c8cb684b75bbfefd3fd5353046228fbe8d39d0752d5936","193121665","1711135409","2024-03-22 19:23:29","0x5ed61dee19b3355cf125a5cb95bec8f344523628","0x65f7a98d87bc21a3748545047632fef4d3ff9a67","320.701745629610385024","$6.37","0xf42e2b8bc2af8b110b65be98db1321b1ab8d44f5","Donut","DONUT"
"0xd72e7ad047212a2eea47901935b390ef34706ad02b1a43d8e9a86ac35fc40d79","197616320","1712263597","2024-04-04 20:46:37","0x2df9590c4257cf287d4e291b3e083cbe23b2fd29","0x5ed61dee19b3355cf125a5cb95bec8f344523628","9,019,347.76432147","N/A","0x80d591b768fc9f714f6e339b5954764d605b0468","ERC-20: ArbiCat","ARBICAT"
"0xbe865196c5112f9db495e1ef0f383ec56277511663df1465155081303da42d39","200600332","1713013882","2024-04-13 13:11:22","0x439cee4cc4ecbd75dc08d9a17e92bddcc11cdb8c","0x5ed61dee19b3355cf125a5cb95bec8f344523628","461.8753","$5.89","0xf42e2b8bc2af8b110b65be98db1321b1ab8d44f5","Donut","DONUT"
"0xbe865196c5112f9db495e1ef0f383ec56277511663df1465155081303da42d39","200600332","1713013882","2024-04-13 13:11:22","0x0000000000000000000000000000000000000000","0x5ed61dee19b3355cf125a5cb95bec8f344523628","658","N/A","0xf28831db80a616dc33a5869f6f689f54add5b74c","ERC-20: Ethtrader Contribution on Arbitrum One","CONTRIB"
"0xe830986009deff60235ad15ef9e76f5afb0af6c8e09a94033b3d8c4416de182d","204802631","1714081849","2024-04-25 21:50:49","0x439cee4cc4ecbd75dc08d9a17e92bddcc11cdb8c","0x5ed61dee19b3355cf125a5cb95bec8f344523628","0.001324895814370642","$0.00","0xf42e2b8bc2af8b110b65be98db1321b1ab8d44f5","Donut","DONUT"
"0xbcf46883f3ecaed842ab7442f2ae5ae7ba1ef34e008c2950dc7f00a964d53d89","205573267","1714276657","2024-04-28 03:57:37","0x0000000000000000000000000000000000000000","0x5ed61dee19b3355cf125a5cb95bec8f344523628","5,000","N/A","0xf28831db80a616dc33a5869f6f689f54add5b74c","ERC-20: Ethtrader Contribution on Arbitrum One","CONTRIB"
"0x337790f52ea4bacd52a473e85768cbd9fd6bf991b48a73d6887f92ce81286167","210526453","1715525189","2024-05-12 14:46:29","0x439cee4cc4ecbd75dc08d9a17e92bddcc11cdb8c","0x5ed61dee19b3355cf125a5cb95bec8f344523628","21.7976","$0.27","0xf42e2b8bc2af8b110b65be98db1321b1ab8d44f5","Donut","DONUT"
"0xc983c0a66f06303db73d159e87f10697af72b62613827b70e98fceaae89f5448","210526647","1715525239","2024-05-12 14:47:19","0x0000000000000000000000000000000000000000","0x5ed61dee19b3355cf125a5cb95bec8f344523628","24","N/A","0xf28831db80a616dc33a5869f6f689f54add5b74c","ERC-20: Ethtrader Contribution on Arbitrum One","CONTRIB"
"0x5c3f3e5cb2db0c99abf0d93958e59d1b9a9f89d24c0b9524356878883d267cb9","220415025","1718030467","2024-06-10 14:41:07","0x439cee4cc4ecbd75dc08d9a17e92bddcc11cdb8c","0x5ed61dee19b3355cf125a5cb95bec8f344523628","20.8802","$0.23","0xf42e2b8bc2af8b110b65be98db1321b1ab8d44f5","Donut","DONUT"
"0x90be41bfe049d2a9fe2966f54449a4adeb1359e124f19637dcda631dff023dc9","220415876","1718030681","2024-06-10 14:44:41","0x0000000000000000000000000000000000000000","0x5ed61dee19b3355cf125a5cb95bec8f344523628","20.8802","N/A","0xf28831db80a616dc33a5869f6f689f54add5b74c","ERC-20: Ethtrader Contribution on Arbitrum One","CONTRIB"
"0x633433af23e65bc1a3db2f7c8b0ff36b32166debfab0db88fa693a8deaa82752","230131963","1720462653","2024-07-08 18:17:33","0x439cee4cc4ecbd75dc08d9a17e92bddcc11cdb8c","0x5ed61dee19b3355cf125a5cb95bec8f344523628","93.0378","$0.62","0xf42e2b8bc2af8b110b65be98db1321b1ab8d44f5","Donut","DONUT"
"0x6eb3372ceba6c06724f12cd18d13b959a39df115a023e9259aec4a9aa1390e47","230132169","1720462705","2024-07-08 18:18:25","0x0000000000000000000000000000000000000000","0x5ed61dee19b3355cf125a5cb95bec8f344523628","89.2691","N/A","0xf28831db80a616dc33a5869f6f689f54add5b74c","ERC-20: Ethtrader Contribution on Arbitrum One","CONTRIB"
"0xc13626a0da622311a3b4132f851324332a029f27e2297c45b1f050d07099599b","239434743","1722797228","2024-08-04 18:47:08","0x439cee4cc4ecbd75dc08d9a17e92bddcc11cdb8c","0x5ed61dee19b3355cf125a5cb95bec8f344523628","816.949","$6.16","0xf42e2b8bc2af8b110b65be98db1321b1ab8d44f5","Donut","DONUT"
"0x4c07fae1806c6d4076ea1b166b5947e330a781b3a1d74b6ae319530d50d736fa","239434859","1722797257","2024-08-04 18:47:37","0x0000000000000000000000000000000000000000","0x5ed61dee19b3355cf125a5cb95bec8f344523628","1,899.9189","N/A","0xf28831db80a616dc33a5869f6f689f54add5b74c","ERC-20: Ethtrader Contribution on Arbitrum One","CONTRIB"
"0xbf76f6c089b698ae2dde26429935c22e5f24c9a6a8ddb72bf323c0afdd645e26","241990124","1723440247","2024-08-12 05:24:07","0x3ef3d8ba38ebe18db133cec108f4d14ce00dd9ae","0x5ed61dee19b3355cf125a5cb95bec8f344523628","11.76554646","$0.07","0xf42e2b8bc2af8b110b65be98db1321b1ab8d44f5","Donut","DONUT"
"0xa4f5444e38e80252293f2451f518b18f3f47b1d7b10c6d8ebb317451aabf2e07","241990185","1723440263","2024-08-12 05:24:23","0x65f7a98d87bc21a3748545047632fef4d3ff9a67","0x5ed61dee19b3355cf125a5cb95bec8f344523628","0.000045263544817478","$0.12","0x82af49447d8a07e3bd95bd0d56f35241523fbab1","Wrapped Ether","WETH"
"0xa4f5444e38e80252293f2451f518b18f3f47b1d7b10c6d8ebb317451aabf2e07","241990185","1723440263","2024-08-12 05:24:23","0x65f7a98d87bc21a3748545047632fef4d3ff9a67","0x5ed61dee19b3355cf125a5cb95bec8f344523628","12.987727805277891974","$0.08","0xf42e2b8bc2af8b110b65be98db1321b1ab8d44f5","Donut","DONUT"
"0x7407bf01fba71d8a4dd3d8e102fbf718b6f5792a38abfcebd74fbfd905d1e19f","241992886","1723440944","2024-08-12 05:35:44","0x5ed61dee19b3355cf125a5cb95bec8f344523628","0xf2614a233c7c3e7f08b1f887ba133a13f1eb2c55","0.000045263544817478","$0.12","0x82af49447d8a07e3bd95bd0d56f35241523fbab1","Wrapped Ether","WETH"
"0x6ceeac6e5dea133e8a90bc5d5486dd00b2e67313ec260050e7b8b10ecbaa3060","248722404","1725132343","2024-08-31 19:25:43","0x439cee4cc4ecbd75dc08d9a17e92bddcc11cdb8c","0x5ed61dee19b3355cf125a5cb95bec8f344523628","2,308.9251","$13.55","0xf42e2b8bc2af8b110b65be98db1321b1ab8d44f5","Donut","DONUT"
"0x10a94838663f6795ef0fd20e12151fc0b86587b2450c8bae1e46e5a4fbc6f0bb","248722772","1725132435","2024-08-31 19:27:15","0x0000000000000000000000000000000000000000","0x5ed61dee19b3355cf125a5cb95bec8f344523628","13,475.2928","N/A","0xf28831db80a616dc33a5869f6f689f54add5b74c","ERC-20: Ethtrader Contribution on Arbitrum One","CONTRIB"
"0x2ece6461696688a15600299da9bce08f4b14d4fb7c361da4ee003274b1dbe5dd","258991774","1727717181","2024-09-30 17:26:21","0x5ed61dee19b3355cf125a5cb95bec8f344523628","0xf2614a233c7c3e7f08b1f887ba133a13f1eb2c55","1,000","$5.95","0xf42e2b8bc2af8b110b65be98db1321b1ab8d44f5","Donut","DONUT"
"0x831b38da4fc0db32bdf0f15c093e0b8edd610f5b01735dbfea5eff1ff1fff908","258992056","1727717252","2024-09-30 17:27:32","0x5ed61dee19b3355cf125a5cb95bec8f344523628","0x65f7a98d87bc21a3748545047632fef4d3ff9a67","499.999999999999589434","$2.98","0xf42e2b8bc2af8b110b65be98db1321b1ab8d44f5","Donut","DONUT"
"0x26c017a9c8575284fdff0e580d5f52a122e0bf9103edf26727f5c04e0c668c99","261704576","1728401215","2024-10-08 15:26:55","0x439cee4cc4ecbd75dc08d9a17e92bddcc11cdb8c","0x5ed61dee19b3355cf125a5cb95bec8f344523628","2,947.2373","$15.15","0xf42e2b8bc2af8b110b65be98db1321b1ab8d44f5","Donut","DONUT"
"0xc38cdfed472b584e754763853a086e587d9e51609e874a05c1b3b18b92205216","261705242","1728401384","2024-10-08 15:29:44","0x0000000000000000000000000000000000000000","0x5ed61dee19b3355cf125a5cb95bec8f344523628","9,371.5867","N/A","0xf28831db80a616dc33a5869f6f689f54add5b74c","ERC-20: Ethtrader Contribution on Arbitrum One","CONTRIB"
"0xaf4e7de061703250f4de2b25f89e0e0bc617eb62710b1f7141f1a49e8fc3e645","263628217","1728885006","2024-10-14 05:50:06","0x65f7a98d87bc21a3748545047632fef4d3ff9a67","0x5ed61dee19b3355cf125a5cb95bec8f344523628","0.000007966688277223","$0.02","0x82af49447d8a07e3bd95bd0d56f35241523fbab1","Wrapped Ether","WETH"
"0xaf4e7de061703250f4de2b25f89e0e0bc617eb62710b1f7141f1a49e8fc3e645","263628217","1728885006","2024-10-14 05:50:06","0x65f7a98d87bc21a3748545047632fef4d3ff9a67","0x5ed61dee19b3355cf125a5cb95bec8f344523628","3.966768259612456909","$0.02","0xf42e2b8bc2af8b110b65be98db1321b1ab8d44f5","Donut","DONUT"
"0x4e2e68c0b845003c4883cd0ed3da30bec8ce67a8e99641ad0bb9b52949480d40","263628342","1728885038","2024-10-14 05:50:38","0x3ef3d8ba38ebe18db133cec108f4d14ce00dd9ae","0x5ed61dee19b3355cf125a5cb95bec8f344523628","0.00142788","$0.00","0x912ce59144191c1204e64559fe8253a0e49e6548","Arbitrum","ARB"
"0x4e2e68c0b845003c4883cd0ed3da30bec8ce67a8e99641ad0bb9b52949480d40","263628342","1728885038","2024-10-14 05:50:38","0x3ef3d8ba38ebe18db133cec108f4d14ce00dd9ae","0x5ed61dee19b3355cf125a5cb95bec8f344523628","0.01577808","$0.01","0xd4d42f0b6def4ce0383636770ef773390d85c61a","SushiToken","SUSHI"
"0x4e2e68c0b845003c4883cd0ed3da30bec8ce67a8e99641ad0bb9b52949480d40","263628342","1728885038","2024-10-14 05:50:38","0x3ef3d8ba38ebe18db133cec108f4d14ce00dd9ae","0x5ed61dee19b3355cf125a5cb95bec8f344523628","14.17764408","$0.08","0xf42e2b8bc2af8b110b65be98db1321b1ab8d44f5","Donut","DONUT"
"0x71e3bcc7177b0d07093b449f81183a7cd31bbb70df92237a2cab37a6dbb91901","267676329","1729902182","2024-10-26 00:23:02","0x439cee4cc4ecbd75dc08d9a17e92bddcc11cdb8c","0x5ed61dee19b3355cf125a5cb95bec8f344523628","4,314.0986","$21.53","0xf42e2b8bc2af8b110b65be98db1321b1ab8d44f5","Donut","DONUT"
"0x71e3bcc7177b0d07093b449f81183a7cd31bbb70df92237a2cab37a6dbb91901","267676329","1729902182","2024-10-26 00:23:02","0x0000000000000000000000000000000000000000","0x5ed61dee19b3355cf125a5cb95bec8f344523628","8,422.195","N/A","0xf28831db80a616dc33a5869f6f689f54add5b74c","ERC-20: Ethtrader Contribution on Arbitrum One","CONTRIB"
"0x76bc5347de77f99ab4fed7d383b14527390fc687ce90fb0d9629ac9869a1212e","268495717","1730107904","2024-10-28 09:31:44","0x5ed61dee19b3355cf125a5cb95bec8f344523628","0xf2614a233c7c3e7f08b1f887ba133a13f1eb2c55","1,400","$7.08","0xf42e2b8bc2af8b110b65be98db1321b1ab8d44f5","Donut","DONUT"
"0xaaad4b3495ceef219d7519885b76a3f08d96e386e69fb2b07467ef6e35ac5f53","268495901","1730107954","2024-10-28 09:32:34","0x5ed61dee19b3355cf125a5cb95bec8f344523628","0x65f7a98d87bc21a3748545047632fef4d3ff9a67","599.999999999999848824","$3.03","0xf42e2b8bc2af8b110b65be98db1321b1ab8d44f5","Donut","DONUT"
"0xcfce233edb8e70aeebf49e821a6ca5296acd6e7a7f17d2374b993aa13c7758fc","277130978","1732279040","2024-11-22 12:37:20","0x5ed61dee19b3355cf125a5cb95bec8f344523628","0xf2614a233c7c3e7f08b1f887ba133a13f1eb2c55","1,400","$7.22","0xf42e2b8bc2af8b110b65be98db1321b1ab8d44f5","Donut","DONUT"
"0x29a21b72a63ee2d618cc3df9e62fcfc4a9da6afb507ba8e73e1d281ec1e4e02c","277131198","1732279096","2024-11-22 12:38:16","0x5ed61dee19b3355cf125a5cb95bec8f344523628","0x65f7a98d87bc21a3748545047632fef4d3ff9a67","499.999999999999567645","$2.58","0xf42e2b8bc2af8b110b65be98db1321b1ab8d44f5","Donut","DONUT"
"0x2a44242ef3467e674d2623624b091df8a87d33b6505a39fdf554215f67313408","277222680","1732302095","2024-11-22 19:01:35","0x439cee4cc4ecbd75dc08d9a17e92bddcc11cdb8c","0x5ed61dee19b3355cf125a5cb95bec8f344523628","4,440.7641","$22.90","0xf42e2b8bc2af8b110b65be98db1321b1ab8d44f5","Donut","DONUT"
"0x2a44242ef3467e674d2623624b091df8a87d33b6505a39fdf554215f67313408","277222680","1732302095","2024-11-22 19:01:35","0x0000000000000000000000000000000000000000","0x5ed61dee19b3355cf125a5cb95bec8f344523628","31,625.9987","N/A","0xf28831db80a616dc33a5869f6f689f54add5b74c","ERC-20: Ethtrader Contribution on Arbitrum One","CONTRIB"
"0x87e3831bf9a0b64890883d6cd446018f67ded73ce31365818be2585dbb6ad918","280660487","1733166838","2024-12-02 19:13:58","0xcb8eaca6c39312ebac05fa8a4a507cede950fbaa","0x5ed61dee19b3355cf125a5cb95bec8f344523628","15,000","$0.00","0x306fd3e7b169aa4ee19412323e1a5995b8c1a1f4","Black Agnus","FTW"
"0x1517270fce575d9b3b4523b63f00396256d7d4ce471f65a1267338756a641d71","286476992","1734633204","2024-12-19 18:33:24","0x5ed61dee19b3355cf125a5cb95bec8f344523628","0xf2614a233c7c3e7f08b1f887ba133a13f1eb2c55","2,000","$9.43","0xf42e2b8bc2af8b110b65be98db1321b1ab8d44f5","Donut","DONUT"
"0x704e62db0e2909669060999196af1aed1160aff927ce18817bbcd2e99ad1e5dc","286477923","1734633436","2024-12-19 18:37:16","0x5ed61dee19b3355cf125a5cb95bec8f344523628","0x65f7a98d87bc21a3748545047632fef4d3ff9a67","803.224263584166169112","$3.79","0xf42e2b8bc2af8b110b65be98db1321b1ab8d44f5","Donut","DONUT"
"0xeb225a74bc808d4fc80747b35d4322b2413d384f699920b4131daad2592c9135","286775910","1734708231","2024-12-20 15:23:51","0x439cee4cc4ecbd75dc08d9a17e92bddcc11cdb8c","0x5ed61dee19b3355cf125a5cb95bec8f344523628","9,012.9455","$41.38","0xf42e2b8bc2af8b110b65be98db1321b1ab8d44f5","Donut","DONUT"
"0xeb225a74bc808d4fc80747b35d4322b2413d384f699920b4131daad2592c9135","286775910","1734708231","2024-12-20 15:23:51","0x0000000000000000000000000000000000000000","0x5ed61dee19b3355cf125a5cb95bec8f344523628","21,513.017","N/A","0xf28831db80a616dc33a5869f6f689f54add5b74c","ERC-20: Ethtrader Contribution on Arbitrum One","CONTRIB"
"0xad9fc913b40301a3dc720875a9d92376f1d52b6a7eea158771894da5b740cb5d","298701198","1737701892","2025-01-24 06:58:12","0x5ed61dee19b3355cf125a5cb95bec8f344523628","0xf2614a233c7c3e7f08b1f887ba133a13f1eb2c55","5,000","$17.59","0xf42e2b8bc2af8b110b65be98db1321b1ab8d44f5","Donut","DONUT"
"0x970d75494b744827ade91555b21b3fa34047cb21597ba1dda46d82a3f80269a6","298701380","1737701938","2025-01-24 06:58:58","0x5ed61dee19b3355cf125a5cb95bec8f344523628","0x65f7a98d87bc21a3748545047632fef4d3ff9a67","999.999999999999663195","$3.52","0xf42e2b8bc2af8b110b65be98db1321b1ab8d44f5","Donut","DONUT"
"0x04e3d4129c40f4a69176d69653acb94fa79bc4ffb905bc52ebe6acaa3c823a14","300273772","1738097292","2025-01-28 20:48:12","0x439cee4cc4ecbd75dc08d9a17e92bddcc11cdb8c","0x5ed61dee19b3355cf125a5cb95bec8f344523628","12,391.4635","$39.54","0xf42e2b8bc2af8b110b65be98db1321b1ab8d44f5","Donut","DONUT"
"0x04e3d4129c40f4a69176d69653acb94fa79bc4ffb905bc52ebe6acaa3c823a14","300273772","1738097292","2025-01-28 20:48:12","0x0000000000000000000000000000000000000000","0x5ed61dee19b3355cf125a5cb95bec8f344523628","24,167.4002","N/A","0xf28831db80a616dc33a5869f6f689f54add5b74c","ERC-20: Ethtrader Contribution on Arbitrum One","CONTRIB"
"0x11e4e0388bc788dad1af6f9950f7a5801d837f85c4c00c13c43d5a19e30e1085","306104676","1739569038","2025-02-14 21:37:18","0x439cee4cc4ecbd75dc08d9a17e92bddcc11cdb8c","0x5ed61dee19b3355cf125a5cb95bec8f344523628","3,250","$9.49","0xf42e2b8bc2af8b110b65be98db1321b1ab8d44f5","Donut","DONUT"
"0x11e4e0388bc788dad1af6f9950f7a5801d837f85c4c00c13c43d5a19e30e1085","306104676","1739569038","2025-02-14 21:37:18","0x0000000000000000000000000000000000000000","0x5ed61dee19b3355cf125a5cb95bec8f344523628","3,250","N/A","0xf28831db80a616dc33a5869f6f689f54add5b74c","ERC-20: Ethtrader Contribution on Arbitrum One","CONTRIB"
"0xfc004bfc8bb5dfb75da42f36375f076d4bca36748ef25e2a7542bf69678c3482","306104829","1739569077","2025-02-14 21:37:57","0x439cee4cc4ecbd75dc08d9a17e92bddcc11cdb8c","0x5ed61dee19b3355cf125a5cb95bec8f344523628","10,100","$29.48","0xf42e2b8bc2af8b110b65be98db1321b1ab8d44f5","Donut","DONUT"
"0xfc004bfc8bb5dfb75da42f36375f076d4bca36748ef25e2a7542bf69678c3482","306104829","1739569077","2025-02-14 21:37:57","0x0000000000000000000000000000000000000000","0x5ed61dee19b3355cf125a5cb95bec8f344523628","10,100","N/A","0xf28831db80a616dc33a5869f6f689f54add5b74c","ERC-20: Ethtrader Contribution on Arbitrum One","CONTRIB"
"0x485f6de2d93de32a0ffcf6418d02687e3880a7d34261ee49fffa0b1dd45ac5b1","306283657","1739614123","2025-02-15 10:08:43","0x5ed61dee19b3355cf125a5cb95bec8f344523628","0xf2614a233c7c3e7f08b1f887ba133a13f1eb2c55","5,000","$14.78","0xf42e2b8bc2af8b110b65be98db1321b1ab8d44f5","Donut","DONUT"
"0x268953d86272b8059c4dd8d54d8cc23f03a042239bab681121d959c0b211a1b3","306283811","1739614162","2025-02-15 10:09:22","0x5ed61dee19b3355cf125a5cb95bec8f344523628","0x65f7a98d87bc21a3748545047632fef4d3ff9a67","999.999999999999943487","$2.96","0xf42e2b8bc2af8b110b65be98db1321b1ab8d44f5","Donut","DONUT"
"0x8d4854c62bef72b97a53cadff9fa731cbf19fa7c258f848629d7388e78558e20","307756378","1739985021","2025-02-19 17:10:21","0x3ef3d8ba38ebe18db133cec108f4d14ce00dd9ae","0x5ed61dee19b3355cf125a5cb95bec8f344523628","0","$0.00","0x912ce59144191c1204e64559fe8253a0e49e6548","Arbitrum","ARB"
"0x8d4854c62bef72b97a53cadff9fa731cbf19fa7c258f848629d7388e78558e20","307756378","1739985021","2025-02-19 17:10:21","0x3ef3d8ba38ebe18db133cec108f4d14ce00dd9ae","0x5ed61dee19b3355cf125a5cb95bec8f344523628","0.02090422","$0.02","0xd4d42f0b6def4ce0383636770ef773390d85c61a","SushiToken","SUSHI"
"0x8d4854c62bef72b97a53cadff9fa731cbf19fa7c258f848629d7388e78558e20","307756378","1739985021","2025-02-19 17:10:21","0x3ef3d8ba38ebe18db133cec108f4d14ce00dd9ae","0x5ed61dee19b3355cf125a5cb95bec8f344523628","451.42118003","$0.95","0xf42e2b8bc2af8b110b65be98db1321b1ab8d44f5","Donut","DONUT"
"0x044d309b9f3ae21c809eab61865ad7774910005040b48348876b5a7d616be2d3","307760178","1739985973","2025-02-19 17:26:13","0x1714400ff23db4af24f9fd64e7039e6597f18c2b","0x5ed61dee19b3355cf125a5cb95bec8f344523628","8,036","N/A","0x29103b9e35b3f5f65708804dcc5f945fae992416","ERC-20 TOKEN*","ERC-20 TOKEN*"
"0xa0af00d9e4ed76fc617d962741d4248a89c9a802c8fe8de96b431c80be2a5b21","313970975","1741547078","2025-03-09 19:04:38","0x439cee4cc4ecbd75dc08d9a17e92bddcc11cdb8c","0x5ed61dee19b3355cf125a5cb95bec8f344523628","12,504.1542","$24.83","0xf42e2b8bc2af8b110b65be98db1321b1ab8d44f5","Donut","DONUT"
"0xa0af00d9e4ed76fc617d962741d4248a89c9a802c8fe8de96b431c80be2a5b21","313970975","1741547078","2025-03-09 19:04:38","0x0000000000000000000000000000000000000000","0x5ed61dee19b3355cf125a5cb95bec8f344523628","23,268.794","N/A","0xf28831db80a616dc33a5869f6f689f54add5b74c","ERC-20: Ethtrader Contribution on Arbitrum One","CONTRIB"
"0x87e52a7476ab6d3cf77c91cd074cb64b7c896a6488717fc97a2b69edadc25785","316226037","1742112837","2025-03-16 08:13:57","0x3ef3d8ba38ebe18db133cec108f4d14ce00dd9ae","0x5ed61dee19b3355cf125a5cb95bec8f344523628","0","$0.00","0x912ce59144191c1204e64559fe8253a0e49e6548","Arbitrum","ARB"
"0x87e52a7476ab6d3cf77c91cd074cb64b7c896a6488717fc97a2b69edadc25785","316226037","1742112837","2025-03-16 08:13:57","0x3ef3d8ba38ebe18db133cec108f4d14ce00dd9ae","0x5ed61dee19b3355cf125a5cb95bec8f344523628","0","$0.00","0xd4d42f0b6def4ce0383636770ef773390d85c61a","SushiToken","SUSHI"
"0x87e52a7476ab6d3cf77c91cd074cb64b7c896a6488717fc97a2b69edadc25785","316226037","1742112837","2025-03-16 08:13:57","0x3ef3d8ba38ebe18db133cec108f4d14ce00dd9ae","0x5ed61dee19b3355cf125a5cb95bec8f344523628","288.73215342","$0.42","0xf42e2b8bc2af8b110b65be98db1321b1ab8d44f5","Donut","DONUT"
"0xcc6fe4e9c95eeb96ea58a81b220dcaf4010ebd88e4b3fa558a9c8ac2dda63aaa","316229439","1742113688","2025-03-16 08:28:08","0x6ec5d52ec1f1e372fed87716e72fa9c87ef3109b","0x5ed61dee19b3355cf125a5cb95bec8f344523628","4","N/A","0xeb923667062ff90c633910894467819ddc2b701e","ERC-20 TOKEN*","ERC-20 TOKEN*"
"0xa9c18603385378509bb16a8ce932cd1de8d084f0a5a478a4bf2cc73bf0afe0b0","316399785","1742156319","2025-03-16 20:18:39","0x439cee4cc4ecbd75dc08d9a17e92bddcc11cdb8c","0x5ed61dee19b3355cf125a5cb95bec8f344523628","500","$0.72","0xf42e2b8bc2af8b110b65be98db1321b1ab8d44f5","Donut","DONUT"
"0xa9c18603385378509bb16a8ce932cd1de8d084f0a5a478a4bf2cc73bf0afe0b0","316399785","1742156319","2025-03-16 20:18:39","0x0000000000000000000000000000000000000000","0x5ed61dee19b3355cf125a5cb95bec8f344523628","500","N/A","0xf28831db80a616dc33a5869f6f689f54add5b74c","ERC-20: Ethtrader Contribution on Arbitrum One","CONTRIB"
"0xa7301201b46c9eafd881df364fcc596c89dc47274b9b9c30d779411b4f5d515b","316410350","1742158977","2025-03-16 21:02:57","0x439cee4cc4ecbd75dc08d9a17e92bddcc11cdb8c","0x5ed61dee19b3355cf125a5cb95bec8f344523628","19,597.5757","$28.40","0xf42e2b8bc2af8b110b65be98db1321b1ab8d44f5","Donut","DONUT"
"0xa7301201b46c9eafd881df364fcc596c89dc47274b9b9c30d779411b4f5d515b","316410350","1742158977","2025-03-16 21:02:57","0x0000000000000000000000000000000000000000","0x5ed61dee19b3355cf125a5cb95bec8f344523628","31,037.4802","N/A","0xf28831db80a616dc33a5869f6f689f54add5b74c","ERC-20: Ethtrader Contribution on Arbitrum One","CONTRIB"
"0xb4d99136de608eb74accf0df7d6fc1826d188720e913fd42be93c03f7aa61dc5","325515022","1744441504","2025-04-12 07:05:04","0x3ef3d8ba38ebe18db133cec108f4d14ce00dd9ae","0x5ed61dee19b3355cf125a5cb95bec8f344523628","0","$0.00","0x912ce59144191c1204e64559fe8253a0e49e6548","Arbitrum","ARB"
"0xb4d99136de608eb74accf0df7d6fc1826d188720e913fd42be93c03f7aa61dc5","325515022","1744441504","2025-04-12 07:05:04","0x3ef3d8ba38ebe18db133cec108f4d14ce00dd9ae","0x5ed61dee19b3355cf125a5cb95bec8f344523628","0","$0.00","0xd4d42f0b6def4ce0383636770ef773390d85c61a","SushiToken","SUSHI"
"0xb4d99136de608eb74accf0df7d6fc1826d188720e913fd42be93c03f7aa61dc5","325515022","1744441504","2025-04-12 07:05:04","0x3ef3d8ba38ebe18db133cec108f4d14ce00dd9ae","0x5ed61dee19b3355cf125a5cb95bec8f344523628","111.29013843","$0.15","0xf42e2b8bc2af8b110b65be98db1321b1ab8d44f5","Donut","DONUT"
"0x76a365be7cb3a7d6e097730b27bb3b9f605fa4e6c41b68b48548891b24997015","327377239","1744909473","2025-04-17 17:04:33","0x439cee4cc4ecbd75dc08d9a17e92bddcc11cdb8c","0x5ed61dee19b3355cf125a5cb95bec8f344523628","1,950","$2.84","0xf42e2b8bc2af8b110b65be98db1321b1ab8d44f5","Donut","DONUT"
"0x76a365be7cb3a7d6e097730b27bb3b9f605fa4e6c41b68b48548891b24997015","327377239","1744909473","2025-04-17 17:04:33","0x0000000000000000000000000000000000000000","0x5ed61dee19b3355cf125a5cb95bec8f344523628","1,950","N/A","0xf28831db80a616dc33a5869f6f689f54add5b74c","ERC-20: Ethtrader Contribution on Arbitrum One","CONTRIB"
"0x5254f22a39bca313e566f9ac63117e5ed425dd547d9d68278e1ae0edd002b8b8","327387646","1744912068","2025-04-17 17:47:48","0x439cee4cc4ecbd75dc08d9a17e92bddcc11cdb8c","0x5ed61dee19b3355cf125a5cb95bec8f344523628","16,653.3696","$24.23","0xf42e2b8bc2af8b110b65be98db1321b1ab8d44f5","Donut","DONUT"
"0x5254f22a39bca313e566f9ac63117e5ed425dd547d9d68278e1ae0edd002b8b8","327387646","1744912068","2025-04-17 17:47:48","0x0000000000000000000000000000000000000000","0x5ed61dee19b3355cf125a5cb95bec8f344523628","29,054.0619","N/A","0xf28831db80a616dc33a5869f6f689f54add5b74c","ERC-20: Ethtrader Contribution on Arbitrum One","CONTRIB"
"0xbbcc5c2f0c36c6470d56af0f7d02813086f02432afaa71210e7a5f1a0cd8f3ea","333624081","1746478986","2025-05-05 21:03:06","0x912ce59144191c1204e64559fe8253a0e49e6548","0x5ed61dee19b3355cf125a5cb95bec8f344523628","820","N/A","0xa782be78c03f561f4f5f96c3de91229a0272b837","ERC-20 TOKEN*","ERC-20 TOKEN*"
"0x0ac04d3a20e185fe0e8b013d6ba61c016424707898279efc6e0ed74ccf802b97","333731065","1746505978","2025-05-06 04:32:58","0x5ed61dee19b3355cf125a5cb95bec8f344523628","0x000000000000000000000000000000000000dead","6.66","$0.01","0xf42e2b8bc2af8b110b65be98db1321b1ab8d44f5","Donut","DONUT"
"0xae797eac9f9b3691519ae9afe0aa481fef387dcefc719fcbab445e2cd787dfc5","335120913","1746854830","2025-05-10 05:27:10","0xf0cbce1942a68beb3d1b73f0dd86c8dcc363ef49","0x5ed61dee19b3355cf125a5cb95bec8f344523628","100.89301111237024701","$0.30","0xf42e2b8bc2af8b110b65be98db1321b1ab8d44f5","Donut","DONUT"
"0xae190edd4d0aad1756f6f3b82e456faea0874688679be36c41e6184bfc9a728c","335120948","1746854839","2025-05-10 05:27:19","0x3ef3d8ba38ebe18db133cec108f4d14ce00dd9ae","0x5ed61dee19b3355cf125a5cb95bec8f344523628","739.92198798","$2.18","0xf42e2b8bc2af8b110b65be98db1321b1ab8d44f5","Donut","DONUT"
"0x045f01cad7100084522af4654d45577b848fa8540864fdf9857fd1e35598a99a","335121141","1746854887","2025-05-10 05:28:07","0x5ed61dee19b3355cf125a5cb95bec8f344523628","0x3ced11c610556e5292fbc2e75d68c3899098c14c","10,000","$29.44","0xf42e2b8bc2af8b110b65be98db1321b1ab8d44f5","Donut","DONUT"
"0xd811c9cd031fa96d84d61b92acc29955d2905e55693afcbd2b4c595fd8808633","335121414","1746854955","2025-05-10 05:29:15","0x5ed61dee19b3355cf125a5cb95bec8f344523628","0x65f7a98d87bc21a3748545047632fef4d3ff9a67","4,999.999999999999169238","$14.72","0xf42e2b8bc2af8b110b65be98db1321b1ab8d44f5","Donut","DONUT"
"0x812b410937086745eaa4495011d7f3d497afe1a9c3666a9ac927b1a818325a89","335345325","1746911215","2025-05-10 21:06:55","0x439cee4cc4ecbd75dc08d9a17e92bddcc11cdb8c","0x5ed61dee19b3355cf125a5cb95bec8f344523628","19,374.6474","$57.04","0xf42e2b8bc2af8b110b65be98db1321b1ab8d44f5","Donut","DONUT"
"0x474164963064d2e393b20e7cbd0353806b6487addcac3571b69de49c39981366","335345644","1746911295","2025-05-10 21:08:15","0x0000000000000000000000000000000000000000","0x5ed61dee19b3355cf125a5cb95bec8f344523628","24,327.637","N/A","0xf28831db80a616dc33a5869f6f689f54add5b74c","ERC-20: Ethtrader Contribution on Arbitrum One","CONTRIB"
"0xe92e9eaa8a876e8fbe979783d45cd77e88b72a9e48b5d48e1a3957491571b5ac","338542184","1747715862","2025-05-20 04:37:42","0x5ed61dee19b3355cf125a5cb95bec8f344523628","0x000000000000000000000000000000000000dead","7.77","$0.04","0xf42e2b8bc2af8b110b65be98db1321b1ab8d44f5","Donut","DONUT"
"0xf08a9ce3e6248010bba07dd3bf296bdd1922eba21fff276acf635956dd11db71","339339008","1747915633","2025-05-22 12:07:13","0x912ce59144191c1204e64559fe8253a0e49e6548","0x5ed61dee19b3355cf125a5cb95bec8f344523628","880","N/A","0xd37efe2e4d614db0f29bf55e18edaa7df7392537","ERC-20 TOKEN*","ERC-20 TOKEN*"
"0x194702d6456527c278536cc141ec8248f32534a0fd040db5ae9cdda6a1961352","339798725","1748031031","2025-05-23 20:10:31","0x5ed61dee19b3355cf125a5cb95bec8f344523628","0x3ced11c610556e5292fbc2e75d68c3899098c14c","5,000","$31.67","0xf42e2b8bc2af8b110b65be98db1321b1ab8d44f5","Donut","DONUT"
"0xaf436ab02c6016c79a08ccfeff5697b1b87f9612c328109e41e0e5da555f7649","339804432","1748032468","2025-05-23 20:34:28","0x3ef3d8ba38ebe18db133cec108f4d14ce00dd9ae","0x5ed61dee19b3355cf125a5cb95bec8f344523628","634.09764798","$4.02","0xf42e2b8bc2af8b110b65be98db1321b1ab8d44f5","Donut","DONUT"
"0xe995c41f4dcdd8619b6df520b63c0bbc6ee01370986654bc6a800dbf17d2d7ad","339804483","1748032481","2025-05-23 20:34:41","0xf0cbce1942a68beb3d1b73f0dd86c8dcc363ef49","0x5ed61dee19b3355cf125a5cb95bec8f344523628","23.40206444639497303","$0.15","0xf42e2b8bc2af8b110b65be98db1321b1ab8d44f5","Donut","DONUT"
"0x148211a86c8d6770bfed717304366df4a36b2512eb6dd4b5a8f0e84df9fa8204","340226895","1748138454","2025-05-25 02:00:54","0x439cee4cc4ecbd75dc08d9a17e92bddcc11cdb8c","0x5ed61dee19b3355cf125a5cb95bec8f344523628","2,095","$14.22","0xf42e2b8bc2af8b110b65be98db1321b1ab8d44f5","Donut","DONUT"
"0x148211a86c8d6770bfed717304366df4a36b2512eb6dd4b5a8f0e84df9fa8204","340226895","1748138454","2025-05-25 02:00:54","0x0000000000000000000000000000000000000000","0x5ed61dee19b3355cf125a5cb95bec8f344523628","2,095","N/A","0xf28831db80a616dc33a5869f6f689f54add5b74c","ERC-20: Ethtrader Contribution on Arbitrum One","CONTRIB"
"0x6663df5c9ed296bd9b280688cb56736374a1f37012b6cb8a58d4dcd36a470813","340383006","1748177578","2025-05-25 12:52:58","0x912ce59144191c1204e64559fe8253a0e49e6548","0x5ed61dee19b3355cf125a5cb95bec8f344523628","750","N/A","0x0277e11bc900b6a7edce05cbb07c14492c22eff4","ERC-20 TOKEN*","ERC-20 TOKEN*"
"0xfda726b8e4a18b4d6245d1d27f287544f33fc9aef6d8ccb1cc78394b0a9f9b25","341531957","1748465729","2025-05-28 20:55:29","0x912ce59144191c1204e64559fe8253a0e49e6548","0x5ed61dee19b3355cf125a5cb95bec8f344523628","815","N/A","0x42c35b14e6f163ea0a625c919dd95f5a3a594c19","ERC-20 TOKEN*","ERC-20 TOKEN*"
"0xb5b8c495fe9f918f780126bd969ae23274ad27052a571d8918396537a9ed164b","344414680","1749189613","2025-06-06 06:00:13","0x5ed61dee19b3355cf125a5cb95bec8f344523628","0x3ced11c610556e5292fbc2e75d68c3899098c14c","7,500","$55.64","0xf42e2b8bc2af8b110b65be98db1321b1ab8d44f5","Donut","DONUT"
"0x5bc9a7b4b87aee0a58db1ff71281c17b01ece76e977d3e9c5545848bb0130554","344414907","1749189670","2025-06-06 06:01:10","0x5ed61dee19b3355cf125a5cb95bec8f344523628","0x65f7a98d87bc21a3748545047632fef4d3ff9a67","1,499.999999999999873755","$11.13","0xf42e2b8bc2af8b110b65be98db1321b1ab8d44f5","Donut","DONUT"
"0x4795e09895344b829d67ffd7f4330ccc5ad5dbde4bd6f6a5004bdba8cda96dcb","344415048","1749189705","2025-06-06 06:01:45","0x3ef3d8ba38ebe18db133cec108f4d14ce00dd9ae","0x5ed61dee19b3355cf125a5cb95bec8f344523628","420.24172653","$3.12","0xf42e2b8bc2af8b110b65be98db1321b1ab8d44f5","Donut","DONUT"
"0xc8c0ac6ad8432d8ae0fbc3f63120fd055dba217a23902c5c97d17733cabd35b8","344415078","1749189713","2025-06-06 06:01:53","0x3ef3d8ba38ebe18db133cec108f4d14ce00dd9ae","0x5ed61dee19b3355cf125a5cb95bec8f344523628","0","$0.00","0xf42e2b8bc2af8b110b65be98db1321b1ab8d44f5","Donut","DONUT"
"0xdfacf9af465f61add883075b5d789858d9598ba91f7c94bf4f2c233b0b105b0c","345656363","1749501883","2025-06-09 20:44:43","0x439cee4cc4ecbd75dc08d9a17e92bddcc11cdb8c","0x5ed61dee19b3355cf125a5cb95bec8f344523628","491","$3.36","0xf42e2b8bc2af8b110b65be98db1321b1ab8d44f5","Donut","DONUT"
"0xdfacf9af465f61add883075b5d789858d9598ba91f7c94bf4f2c233b0b105b0c","345656363","1749501883","2025-06-09 20:44:43","0x0000000000000000000000000000000000000000","0x5ed61dee19b3355cf125a5cb95bec8f344523628","491","N/A","0xf28831db80a616dc33a5869f6f689f54add5b74c","ERC-20: Ethtrader Contribution on Arbitrum One","CONTRIB"
"0x62004dacc6c8bf47a20c2333a0d4f3f5c8430684aeee0fca1e22a9d3c95a4335","345656519","1749501923","2025-06-09 20:45:23","0x439cee4cc4ecbd75dc08d9a17e92bddcc11cdb8c","0x5ed61dee19b3355cf125a5cb95bec8f344523628","31,976.9627","$218.73","0xf42e2b8bc2af8b110b65be98db1321b1ab8d44f5","Donut","DONUT"
"0x024dbb39973f0e19228230ae19c8464cad51a083db18990204a88d48db52db7f","345656722","1749501974","2025-06-09 20:46:14","0x0000000000000000000000000000000000000000","0x5ed61dee19b3355cf125a5cb95bec8f344523628","38,472.7409","N/A","0xf28831db80a616dc33a5869f6f689f54add5b74c","ERC-20: Ethtrader Contribution on Arbitrum One","CONTRIB"
"0xb332c535899b0ab7ac00f01671d6045344d3f9a5581aa0419b8165e91d0b80e0","349587055","1750487546","2025-06-21 06:32:26","0x5ed61dee19b3355cf125a5cb95bec8f344523628","0x000000000000000000000000000000000000dead","7.77","$0.04","0xf42e2b8bc2af8b110b65be98db1321b1ab8d44f5","Donut","DONUT"
"0x9f0104faf5aa5764b232f67d3c157b564f8019f3d38a32ae53daf43c8ef2e2b3","349587346","1750487619","2025-06-21 06:33:39","0x5ed61dee19b3355cf125a5cb95bec8f344523628","0x000000000000000000000000000000000000dead","7.77","$0.04","0xf42e2b8bc2af8b110b65be98db1321b1ab8d44f5","Donut","DONUT"
"0x638c0daa9b95d714fe983954f10fae4605b0d94f74bff0b63e1cdc5e113fe2c4","349587541","1750487668","2025-06-21 06:34:28","0x5ed61dee19b3355cf125a5cb95bec8f344523628","0x000000000000000000000000000000000000dead","7.77","$0.04","0xf42e2b8bc2af8b110b65be98db1321b1ab8d44f5","Donut","DONUT"
"0x10144342a545bcabe508505ce96f60adcb2a54bb09b95121024da385c72d899f","351118975","1750870943","2025-06-25 17:02:23","0x912ce59144191c1204e64559fe8253a0e49e6548","0x5ed61dee19b3355cf125a5cb95bec8f344523628","750","N/A","0xa867269114545afe8066006eccdf6d20d382169b","ERC-20 TOKEN*","ERC-20 TOKEN*"
"0x22564273c0eb6c212e774f0871ed7d27acc517899c22f10aa12f6de52092646a","351669643","1751008758","2025-06-27 07:19:18","0x5ed61dee19b3355cf125a5cb95bec8f344523628","0xad5c7630f2b9bc078e6d1d9edb7091f7aa6e307b","2,000","$9.62","0xf42e2b8bc2af8b110b65be98db1321b1ab8d44f5","Donut","DONUT"
"0xd4f1944c055673b1ba9dcb4c0f95c358f27f2b2e2ab84e51f6db9aefa4093c72","351670193","1751008896","2025-06-27 07:21:36","0x3ef3d8ba38ebe18db133cec108f4d14ce00dd9ae","0x5ed61dee19b3355cf125a5cb95bec8f344523628","735.51511229","$3.54","0xf42e2b8bc2af8b110b65be98db1321b1ab8d44f5","Donut","DONUT"
"0x70a1cde48672be956fee46eb9a3678607b78a62cd28691fb9a85eeccc66ed34d","351670319","1751008928","2025-06-27 07:22:08","0x65f7a98d87bc21a3748545047632fef4d3ff9a67","0x5ed61dee19b3355cf125a5cb95bec8f344523628","0.000097200540067971","$0.23","0x82af49447d8a07e3bd95bd0d56f35241523fbab1","Wrapped Ether","WETH"
"0x70a1cde48672be956fee46eb9a3678607b78a62cd28691fb9a85eeccc66ed34d","351670319","1751008928","2025-06-27 07:22:08","0x65f7a98d87bc21a3748545047632fef4d3ff9a67","0x5ed61dee19b3355cf125a5cb95bec8f344523628","52.75682300042692504","$0.25","0xf42e2b8bc2af8b110b65be98db1321b1ab8d44f5","Donut","DONUT"
"0x0ca6531c97ecb1b36144a47a06098085f5aac9cc02a3c8443eb17eb138ba5185","352039952","1751101595","2025-06-28 09:06:35","0x912ce59144191c1204e64559fe8253a0e49e6548","0x5ed61dee19b3355cf125a5cb95bec8f344523628","1,500","N/A","0x52723a53cb5b4ace955914c7cc0a21d6ea77cb9a","ERC-20 TOKEN*","ERC-20 TOKEN*"
"0xad87ff4dc4f9876d59b1935b3d0f758c5bc181aa3bd1864c1599738f3efe201d","352846689","1751303568","2025-06-30 17:12:48","0x912ce59144191c1204e64559fe8253a0e49e6548","0x5ed61dee19b3355cf125a5cb95bec8f344523628","1,700","N/A","0x9c043676c4d643e6f5612dd659af992835673837","ERC-20 TOKEN*","ERC-20 TOKEN*"
"0x78f8c26a4061ae68d70235f26184634912043e5990acd83dc6027026e0545e41","354074571","1751611071","2025-07-04 06:37:51","0x5ed61dee19b3355cf125a5cb95bec8f344523628","0x3ced11c610556e5292fbc2e75d68c3899098c14c","9,000","$47.23","0xf42e2b8bc2af8b110b65be98db1321b1ab8d44f5","Donut","DONUT"
"0xd4dcaaccf5386a546c50a85f2ec0e7dd31f821264d147b6049503c996b2cfcda","354074908","1751611154","2025-07-04 06:39:14","0x5ed61dee19b3355cf125a5cb95bec8f344523628","0x65f7a98d87bc21a3748545047632fef4d3ff9a67","1,799.999999999999646421","$9.45","0xf42e2b8bc2af8b110b65be98db1321b1ab8d44f5","Donut","DONUT"
"0x2aecb3da395ec9998489e18a58b71548ff1741b5d40ba7b3c6a4ade1f5f40a95","354457704","1751707216","2025-07-05 09:20:16","0x5ed61dee19b3355cf125a5cb95bec8f344523628","0x000000000000000000000000000000000000dead","4.7","$0.02","0xf42e2b8bc2af8b110b65be98db1321b1ab8d44f5","Donut","DONUT"
"0x106070fa9f01ac1721bf308667f513d929816f96adf890adad6e654ce6a8f855","356884734","1752315191","2025-07-12 10:13:11","0x5ed61dee19b3355cf125a5cb95bec8f344523628","0x000000000000000000000000000000000000dead","3","$0.02","0xf42e2b8bc2af8b110b65be98db1321b1ab8d44f5","Donut","DONUT"
"0x9e73d986e43f9478910c958410a1525ac0b55e4a8351796194f0709a667ef07b","358102227","1752619387","2025-07-15 22:43:07","0x439cee4cc4ecbd75dc08d9a17e92bddcc11cdb8c","0x5ed61dee19b3355cf125a5cb95bec8f344523628","36,481.6488","$197.01","0xf42e2b8bc2af8b110b65be98db1321b1ab8d44f5","Donut","DONUT"
"0x9e73d986e43f9478910c958410a1525ac0b55e4a8351796194f0709a667ef07b","358102227","1752619387","2025-07-15 22:43:07","0x0000000000000000000000000000000000000000","0x5ed61dee19b3355cf125a5cb95bec8f344523628","56,343.3736","N/A","0xf28831db80a616dc33a5869f6f689f54add5b74c","ERC-20: Ethtrader Contribution on Arbitrum One","CONTRIB"
"0xd8d1f0872caf919d9b59c0525e9b7a4cff2ac4b1ccbe0b5d9cf1abfa6a6de73d","358102499","1752619455","2025-07-15 22:44:15","0x439cee4cc4ecbd75dc08d9a17e92bddcc11cdb8c","0x5ed61dee19b3355cf125a5cb95bec8f344523628","750","$4.05","0xf42e2b8bc2af8b110b65be98db1321b1ab8d44f5","Donut","DONUT"
"0xd8d1f0872caf919d9b59c0525e9b7a4cff2ac4b1ccbe0b5d9cf1abfa6a6de73d","358102499","1752619455","2025-07-15 22:44:15","0x0000000000000000000000000000000000000000","0x5ed61dee19b3355cf125a5cb95bec8f344523628","750","N/A","0xf28831db80a616dc33a5869f6f689f54add5b74c","ERC-20: Ethtrader Contribution on Arbitrum One","CONTRIB"
"0xfedce7961352caace172881842c807ad00e044bf64729ed2c63e5321033cb538","359250978","1752906076","2025-07-19 06:21:16","0x3ef3d8ba38ebe18db133cec108f4d14ce00dd9ae","0x5ed61dee19b3355cf125a5cb95bec8f344523628","1,184.03020807","$7.65","0xf42e2b8bc2af8b110b65be98db1321b1ab8d44f5","Donut","DONUT"
"0x30eb8ec1f7ba263f5c4fce93cc17dba1074f421c316138de128b83335a2e8cd7","363777042","1754036118","2025-08-01 08:15:18","0x3ef3d8ba38ebe18db133cec108f4d14ce00dd9ae","0x5ed61dee19b3355cf125a5cb95bec8f344523628","1,100.33584955","$4.15","0xf42e2b8bc2af8b110b65be98db1321b1ab8d44f5","Donut","DONUT"
"0x9e46a6b1d724cfd8d51089260a296cca46e213da2b158c258f21f081d85e6761","363777212","1754036161","2025-08-01 08:16:01","0x5ed61dee19b3355cf125a5cb95bec8f344523628","0x2905d7e4d048d29954f81b02171dd313f457a4a4","7,500","$28.27","0xf42e2b8bc2af8b110b65be98db1321b1ab8d44f5","Donut","DONUT"
"0xc8f261d03eb6ebd8177e6bace86d981bb02146bca35f7c52bd32cebb723665fe","363777411","1754036209","2025-08-01 08:16:49","0x5ed61dee19b3355cf125a5cb95bec8f344523628","0x65f7a98d87bc21a3748545047632fef4d3ff9a67","1,499.999999999999225168","$5.65","0xf42e2b8bc2af8b110b65be98db1321b1ab8d44f5","Donut","DONUT"
"0x732eeb2ecb849683aed2495d939120f688c1c75f9bea493c893dba654eb614a4","365033239","1754349887","2025-08-04 23:24:47","0x439cee4cc4ecbd75dc08d9a17e92bddcc11cdb8c","0x5ed61dee19b3355cf125a5cb95bec8f344523628","29,254.1388","$101.47","0xf42e2b8bc2af8b110b65be98db1321b1ab8d44f5","Donut","DONUT"
"0x732eeb2ecb849683aed2495d939120f688c1c75f9bea493c893dba654eb614a4","365033239","1754349887","2025-08-04 23:24:47","0x0000000000000000000000000000000000000000","0x5ed61dee19b3355cf125a5cb95bec8f344523628","37,643.9316","N/A","0xf28831db80a616dc33a5869f6f689f54add5b74c","ERC-20: Ethtrader Contribution on Arbitrum One","CONTRIB"
"0x77571c153558bcba936866db18273bb795a93daae8b5e65ebe8027dac48f9dd1","365033790","1754350024","2025-08-04 23:27:04","0x439cee4cc4ecbd75dc08d9a17e92bddcc11cdb8c","0x5ed61dee19b3355cf125a5cb95bec8f344523628","1,372","$4.76","0xf42e2b8bc2af8b110b65be98db1321b1ab8d44f5","Donut","DONUT"
"0x77571c153558bcba936866db18273bb795a93daae8b5e65ebe8027dac48f9dd1","365033790","1754350024","2025-08-04 23:27:04","0x0000000000000000000000000000000000000000","0x5ed61dee19b3355cf125a5cb95bec8f344523628","1,372","N/A","0xf28831db80a616dc33a5869f6f689f54add5b74c","ERC-20: Ethtrader Contribution on Arbitrum One","CONTRIB"
"0x6c7b6a579653a83168dfb74b41d2cf13ec6558e466bbcf4a0e515b07d270f439","368992818","1755338801","2025-08-16 10:06:41","0xad5c7630f2b9bc078e6d1d9edb7091f7aa6e307b","0x5ed61dee19b3355cf125a5cb95bec8f344523628","4,179.66457","$18.13","0xf42e2b8bc2af8b110b65be98db1321b1ab8d44f5","Donut","DONUT"
"0xbd128231e3776367ba9526a9e6e39d0fc471f3397994b67185384689eda995f4","369846857","1755552143","2025-08-18 21:22:23","0x912ce59144191c1204e64559fe8253a0e49e6548","0x5ed61dee19b3355cf125a5cb95bec8f344523628","3,200","N/A","0x9d369f1db0ff3682c96177d6789da96f94b8f654","ERC-20 TOKEN*","ERC-20 TOKEN*"
"0x08041bb2c000ab4430f8fef5a34cd035477cbdcfd01da989f59b4f437c7f2e9d","371086959","1755861718","2025-08-22 11:21:58","0x912ce59144191c1204e64559fe8253a0e49e6548","0x5ed61dee19b3355cf125a5cb95bec8f344523628","2,420","N/A","0xafc6fb8c9badba6ae85af9a5cbce13313632f63b","ERC-20 TOKEN*","ERC-20 TOKEN*"
"0x1cba055f892108cd3410fb56fc1f3f9701f97948d0fda2c02feb9f4d170fdc8c","372522482","1756220057","2025-08-26 14:54:17","0x65f7a98d87bc21a3748545047632fef4d3ff9a67","0x5ed61dee19b3355cf125a5cb95bec8f344523628","0.000217268765887407","$0.95","0x82af49447d8a07e3bd95bd0d56f35241523fbab1","Wrapped Ether","WETH"
"0x1cba055f892108cd3410fb56fc1f3f9701f97948d0fda2c02feb9f4d170fdc8c","372522482","1756220057","2025-08-26 14:54:17","0x65f7a98d87bc21a3748545047632fef4d3ff9a67","0x5ed61dee19b3355cf125a5cb95bec8f344523628","339.219098341111595352","$1.41","0xf42e2b8bc2af8b110b65be98db1321b1ab8d44f5","Donut","DONUT"
"0x5375fbef3378be21608d3a6c4caa9554e26b99d82cd9240dad7901479dce73cb","372522549","1756220073","2025-08-26 14:54:33","0x3ef3d8ba38ebe18db133cec108f4d14ce00dd9ae","0x5ed61dee19b3355cf125a5cb95bec8f344523628","1,883.89909209","$7.81","0xf42e2b8bc2af8b110b65be98db1321b1ab8d44f5","Donut","DONUT"
"0x088bd02e502ae635576bfb8cb18f5d9c04189bf5387ccedc5acf967a9c81c5db","372523243","1756220247","2025-08-26 14:57:27","0x5ed61dee19b3355cf125a5cb95bec8f344523628","0x2905d7e4d048d29954f81b02171dd313f457a4a4","2,200","$9.12","0xf42e2b8bc2af8b110b65be98db1321b1ab8d44f5","Donut","DONUT"
"0x9e11c858bdff997e7a992704a974336856e9d0b527f7f4e437cf9cb27288bfbd","373469740","1756456470","2025-08-29 08:34:30","0x912ce59144191c1204e64559fe8253a0e49e6548","0x5ed61dee19b3355cf125a5cb95bec8f344523628","2,500","N/A","0x9f5029bbe1d3627c66f82d7d11cb042fc26e3eca","ERC-20: âœ…$ARB Airdrop ROUND 1","ARB | t.me/s/claimarb | *Visit to claim"
"0x74b1f705fad4d6c8d0642b8be5a423aa525a623efc02150686cb80100ac5659f","373476036","1756458041","2025-08-29 09:00:41","0x5ed61dee19b3355cf125a5cb95bec8f344523628","0x2905d7e4d048d29954f81b02171dd313f457a4a4","1,500","$6.68","0xf42e2b8bc2af8b110b65be98db1321b1ab8d44f5","Donut","DONUT"
"0xd059828b8941645a99e3130845c0e5926cafe80a3ce639c883b3d56aa72c45f2","373476165","1756458073","2025-08-29 09:01:13","0x5ed61dee19b3355cf125a5cb95bec8f344523628","0x65f7a98d87bc21a3748545047632fef4d3ff9a67","1,499.999999999999293034","$6.68","0xf42e2b8bc2af8b110b65be98db1321b1ab8d44f5","Donut","DONUT"
"0xc3044e7da69c0475a43545e2a4c8e624a39279fae5702e319dd8b37c8a19e44a","373596130","1756488003","2025-08-29 17:20:03","0x5ed61dee19b3355cf125a5cb95bec8f344523628","0x2905d7e4d048d29954f81b02171dd313f457a4a4","8,000","$35.61","0xf42e2b8bc2af8b110b65be98db1321b1ab8d44f5","Donut","DONUT"
